Metric,Train,Test
MSE,2.680407682917103,14.741883528026987
MAPE,0.12725024245243058,0.5178061792797921
MAE,1.0288229544527052,2.3722674387191724
R2,0.9888017881996094,0.9477908625070028
