Metric,Train,Test
MSE,2.0164990520943245,24.482519177708078
MAPE,0.1589128934348484,0.8919064185480804
MAE,0.8113065615263305,2.8957918129402844
R2,0.9906424779065033,0.8575219920036803
