Metric,Train,Test
MSE,2.319124943693897,19.48798434579731
MAPE,0.22562929372123453,1.3593635109116269
MAE,0.9488278423128144,2.779608880399892
R2,0.9878089531116327,0.9056742399854381
