Metric,Train,Test
MSE,3.014956101484105,33.12366274062442
MAPE,0.11104120782304513,0.40609239307270606
MAE,1.1341200413808952,3.655042684827541
R2,0.9905722123332976,0.9151100323181799
