Metric,Train,Test
MSE,51.4954732720449,109.44306181412968
MAPE,0.39251416503006115,1.085156791109721
MAE,4.969254836179407,7.759781544082596
R2,0.8793414084628334,0.8022993119994162
