Metric,Train,Test
MSE,36.971768334169205,100.46639293763172
MAPE,0.44485723195407795,1.0265671071199232
MAE,4.2406806995405875,6.626226480729927
R2,0.8689276290058089,0.7617177705717264
