Metric,Train,Test
MSE,36.94906589467107,65.45850534368915
MAPE,0.6858453992851248,1.945118730237163
MAE,3.935816259048508,5.987132384962536
R2,0.8584641464400845,0.7783651287109346
