Metric,Train,Test
MSE,43.527087600385414,69.46665551912662
MAPE,78624565157466.28,0.775776587573011
MAE,4.485312024143004,5.85908813009144
R2,0.8806274996102379,0.8339057207863178
