Metric,Train,Test
MSE,38.12875714749408,79.39685160005196
MAPE,0.3575480436435881,0.5901316977054712
MAE,4.300810309723697,6.213571273615686
R2,0.880771124261183,0.7965202031205194
