Metric,Train,Test
MSE,44.609325144488984,54.266655987800696
MAPE,0.525648822566924,0.6667371782021672
MAE,4.647634097292021,5.0563581180292765
R2,0.8146657027066615,0.8078989410355555
