Metric,Train,Test
MSE,27.758294533853313,63.35453450256768
MAPE,0.7464595000453449,1.254702216930007
MAE,3.542622613123821,5.526993243995782
R2,0.8711882090355814,0.6313031429511178
