Metric,Train,Test
MSE,25.402425817663836,101.00373951385289
MAPE,0.7012027153989373,2.622242408167649
MAE,3.2817783307387756,7.004175385513781
R2,0.8664659422238155,0.5111216057595195
