Metric,Train,Test
MSE,39.88851611073326,85.28005435279266
MAPE,0.43397044107733146,0.6031563198807515
MAE,4.4423333284351925,6.498032969231608
R2,0.875268346346165,0.7814426165789431
