Metric,Train,Test
MSE,31.642665054711802,44.77689271516161
MAPE,0.45399586377701506,0.9364573220804917
MAE,3.9201438742118135,4.753725882696308
R2,0.8678032198348841,0.8414203352081473
