Metric,Train,Test
MSE,41.939242555356174,46.11193910065169
MAPE,0.7326742315591773,1.0326001156954612
MAE,4.57905643084794,4.936087256352931
R2,0.8057419018331118,0.6989313989856349
