Metric,Train,Test
MSE,54.37815532528447,76.18667058341988
MAPE,0.48130159560002517,0.47894405647041605
MAE,5.233379500859428,6.294888785421859
R2,0.8311006515829285,0.8066647664098127
