Metric,Train,Test
MSE,35.81288321286953,58.31488947077126
MAPE,0.8676853614171293,0.8252131706134891
MAE,4.18556742204568,5.164037546709815
R2,0.8109034101261093,0.7212996326010477
