Metric,Train,Test
MSE,73.76784349688108,118.6334823300164
MAPE,0.7100888315409424,1.0220411844671264
MAE,6.152653034177826,7.264794655852095
R2,0.738305598099301,0.7185362657528291
