Metric,Train,Test
MSE,102.32395998370136,151.29694893254734
MAPE,0.7468387566177939,0.9336991555746809
MAE,7.364337983184833,8.961521488919605
R2,0.7605036867093554,0.7270408332231689
