Metric,Train,Test
MSE,85.95937813739508,99.37641954495614
MAPE,133471326724503.81,0.6744762554960382
MAE,6.430719463000848,6.8786012824505995
R2,0.7645421639874804,0.7627359007528698
