Metric,Train,Test
MSE,73.14146627278406,71.61847216949221
MAPE,1.1652255260520445,1.566383099153861
MAE,5.708803727173561,5.882009990034355
R2,0.7196168718996185,0.7577506773836143
