Metric,Train,Test
MSE,72.19678732005556,84.92821224915171
MAPE,0.7346879111673799,0.6497466790112151
MAE,6.322183456586861,6.84528459700323
R2,0.7742401686258362,0.7823443243713774
