Metric,Train,Test
MSE,50.05775818893036,60.09679659426837
MAPE,0.5998902775082382,0.6388878118225637
MAE,5.085388297675995,5.408197112556337
R2,0.7908686122544165,0.7871641089611315
