Metric,Train,Test
MSE,48.62763503585674,39.35986285095054
MAPE,0.7397374932712463,0.8758377985537549
MAE,4.953166580672706,4.334426947843213
R2,0.774344466599213,0.7709420826628854
