params,mse,mae,mape
"{'units': 100, 'batch_size': 10, 'epochs': 100}",85.79546953488767,6.971743253684058,0.7908095293362106
"{'units': 100, 'batch_size': 16, 'epochs': 100}",85.39428957908822,6.880788672850208,0.6761115596296411
"{'units': 100, 'batch_size': 20, 'epochs': 100}",85.28351270995309,6.817970662787051,0.6386418790768039
"{'units': 500, 'batch_size': 10, 'epochs': 100}",88.4320138703675,7.025740918521849,0.6774817468170232
"{'units': 500, 'batch_size': 16, 'epochs': 100}",86.67004637527133,7.021376679218787,0.7915011314511061
"{'units': 500, 'batch_size': 20, 'epochs': 100}",89.01548721360692,6.826453829530425,0.5489527356981532
"{'units': 1000, 'batch_size': 10, 'epochs': 100}",85.27369781254349,6.774219431506129,0.598976908001333
"{'units': 1000, 'batch_size': 16, 'epochs': 100}",87.5814044886152,6.90733679734522,0.7225851542144903
"{'units': 1000, 'batch_size': 20, 'epochs': 100}",88.95334821957341,6.919150410113639,0.5918462587309739
