params,mse,mae,mape
"{'units': 100, 'batch_size': 10, 'epochs': 100}",59.87568215530002,5.376884435448604,0.6156138111554532
"{'units': 100, 'batch_size': 16, 'epochs': 100}",61.17858269801686,5.5173404173584535,0.679507887644509
"{'units': 100, 'batch_size': 20, 'epochs': 100}",59.57408033973603,5.582123717616441,0.8738589628088252
"{'units': 500, 'batch_size': 10, 'epochs': 100}",60.01348584760969,5.396787812058893,0.6411215471652356
"{'units': 500, 'batch_size': 16, 'epochs': 100}",62.245399992333475,5.627838134951765,0.7604219468880856
"{'units': 500, 'batch_size': 20, 'epochs': 100}",60.34182770205575,5.40692428570815,0.6378850817770281
"{'units': 1000, 'batch_size': 10, 'epochs': 100}",60.00114097743864,5.637640711674155,0.91565865666246
"{'units': 1000, 'batch_size': 16, 'epochs': 100}",60.74222894736829,5.659188756020748,0.8745852909841283
"{'units': 1000, 'batch_size': 20, 'epochs': 100}",64.38884912552803,5.583721595224814,0.6698858144329933
