Metric,Train,Test
MSE,41.62791792339642,51.09736514461551
MAPE,1.1282081462086728,1.0091308053430712
MAE,4.663192621028458,5.125343895291073
R2,0.7811726786652102,0.7523370980315999
