params,mse,mae,mape
"{'units': 100, 'batch_size': 10, 'epochs': 100}",51.730683360905026,5.242959892319878,1.1461608235492213
"{'units': 100, 'batch_size': 16, 'epochs': 100}",51.35293029484774,5.137684643501354,1.0304797080916923
"{'units': 100, 'batch_size': 20, 'epochs': 100}",51.93403965450975,5.045295685717719,0.7615047016730336
"{'units': 500, 'batch_size': 10, 'epochs': 100}",52.10478452824556,5.015520379680566,0.8368878619799054
"{'units': 500, 'batch_size': 16, 'epochs': 100}",51.60854782022207,5.2620221014879,1.1489717820791068
"{'units': 500, 'batch_size': 20, 'epochs': 100}",52.34716267178049,5.214799213315065,0.9780085961128437
"{'units': 1000, 'batch_size': 10, 'epochs': 100}",50.5871824975368,5.146137149447908,1.0826999096919152
"{'units': 1000, 'batch_size': 16, 'epochs': 100}",51.21814811444022,5.093143160481162,1.0174117973076515
"{'units': 1000, 'batch_size': 20, 'epochs': 100}",51.39350739545451,5.115383378286392,0.931425836753476
