Metric,Train,Test
MSE,62.49994390866215,145.18877464207682
MAPE,0.3808867973093383,0.9425992304122353
MAE,5.472099191924867,8.691012050716703
R2,0.8535569298813509,0.7377273610505433
