Metric,Train,Test
MSE,46.97934817680407,100.90542834262368
MAPE,0.6557359800458697,1.2228793173317398
MAE,4.324349256406946,6.7810463091429
R2,0.8200424832701547,0.6583459780258862
