Metric,Train,Test
MSE,52.5432577243215,88.70970783831329
MAPE,92315518387548.88,1.298939502979219
MAE,5.066957444930959,7.037672979207874
R2,0.8559007643525316,0.7878957195714691
