Metric,Train,Test
MSE,48.11861799632657,135.49772555584914
MAPE,0.48050908513828067,1.593851772509088
MAE,4.783034977900149,8.207604224293089
R2,0.8294098001281334,0.6786318371363121
