Metric,Train,Test
MSE,58.76462265275878,57.028244796125996
MAPE,1.4904051205349156,0.981743546980457
MAE,5.259850577565297,5.142853711516201
R2,0.690718122524408,0.7240895033869876
