Metric,Train,Test
MSE,79.33895926710298,98.69277626022331
MAPE,0.6670987967446028,0.5310099105674748
MAE,6.256272188355827,7.129906882049915
R2,0.75211871881949,0.7472383552039668
