Metric,Train,Test
MSE,48.242208339965984,137.85633633148285
MAPE,0.4966750809229251,1.6372903290268033
MAE,4.796999223532811,8.057130097401577
R2,0.8289716474483267,0.6730377770975442
