Metric,Train,Test
MSE,55.84111228953478,59.40398659165901
MAPE,0.8434196432473011,0.8661507666548837
MAE,5.098177559375948,5.482025576841497
R2,0.786096906639952,0.7988650236791719
