Metric,Train,Test
MSE,47.82009021641867,107.89285565484599
MAPE,0.6879970745856991,1.3819126647415738
MAE,4.40808592974587,7.077963339178217
R2,0.8168219649885893,0.6346873633836043
