Metric,Train,Test
MSE,52.023816390777874,86.29451645170492
MAPE,92729472877979.66,1.3325140329348126
MAE,5.097824209742225,7.090547596551122
R2,0.8573253257971237,0.7936704249970291
