Metric,Train,Test
MSE,62.67137830748565,146.7105888131572
MAPE,0.3917302260298559,0.9657841736755576
MAE,5.507461072182729,8.754781944044806
R2,0.8531552434458504,0.7349783178161481
