Metric,Train,Test
MSE,46.91757734234755,122.81600992727424
MAPE,0.6866969339481953,1.1376591904116315
MAE,4.337445748132069,7.482399287421784
R2,0.8202791005585278,0.58415930199524
