Metric,Train,Test
MSE,53.827814937735816,78.72936997970916
MAPE,0.5344156491086972,0.6610961739757504
MAE,5.173973048783231,5.932826904800712
R2,0.8091695461911395,0.8132727845430427
