Metric,Train,Test
MSE,62.22383791027048,156.50723060690189
MAPE,0.4054454065606188,0.9325868489408587
MAE,5.480898204641936,8.8912573006214
R2,0.8542038714232784,0.717281418710676
