Metric,Train,Test
MSE,88.43662414224718,101.64942578995105
MAPE,0.7693592247197978,0.8043517783466602
MAE,6.960262812003326,7.3127176169961
R2,0.7927849220273494,0.816377931314938
