Metric,Train,Test
MSE,47.77428903400806,146.2375741741739
MAPE,0.7946477076009278,0.9475273537012904
MAE,4.418164808622799,8.436085986330902
R2,0.8169974094630185,0.5048566147432976
