Metric,Train,Test
MSE,52.60015043724035,88.09999056047765
MAPE,92680486797182.31,1.322429922079358
MAE,5.047243702275418,7.04422992533094
R2,0.8557447367897084,0.7893535492457127
