Metric,Train,Test
MSE,48.188976936683275,137.47013334850604
MAPE,0.482191066452203,0.9875969303585551
MAE,4.792948178955538,7.884677274913489
R2,0.8291603635026022,0.6739537581047721
