Metric,Train,Test
MSE,48.19909649065494,123.28296801249215
MAPE,0.49625808144295286,1.809980352885737
MAE,4.810390889346616,8.11766184886882
R2,0.8291244876440151,0.7076023174556738
