Metric,Train,Test
MSE,62.255455839421685,146.3159547006436
MAPE,0.43276985703471793,0.9234952578778794
MAE,5.527021241810118,8.68687894966122
R2,0.85412978773094,0.7356911947611018
