Metric,Train,Test
MSE,71.38234445293655,84.69553682782691
MAPE,66428097681522.055,1.0213805881752087
MAE,6.215185951592016,6.953807779466367
R2,0.8042348015731967,0.7974935739038058
