Metric,Train,Test
MSE,52.18414828587648,86.55071838414011
MAPE,62517752146384.586,1.2695830923511067
MAE,5.098479623510859,7.0164455212338295
R2,0.8568856175541587,0.7930578479990008
