Metric,Train,Test
MSE,55.67313510968539,47.7453794224603
MAPE,0.5859727464927607,0.566965347974717
MAE,5.280772933197051,4.751615620331662
R2,0.8270820726632062,0.8173794374661674
