Metric,Train,Test
MSE,60.66976376764686,68.4801524759531
MAPE,0.345912873051207,0.38684208118561036
MAE,5.634039540478118,5.920364664901719
R2,0.8385626200873461,0.8212356061528601
