Metric,Train,Test
MSE,80.65787665758369,98.54847552874763
MAPE,0.4844541177703096,0.35115111336058114
MAE,6.821167322257823,7.4815886861709116
R2,0.7999180246253133,0.8243982025970849
