Metric,Train,Test
MSE,47.51060164174844,58.93141338238809
MAPE,0.5858182671866018,0.412484348610889
MAE,5.05218567715497,5.560161358553047
R2,0.8358755125124648,0.8078474113254932
