Metric,Train,Test
MSE,54.579793136010636,48.30162292022353
MAPE,0.6883446251380763,0.6961158790614994
MAE,5.366982868238442,4.893257791293521
R2,0.8304779372500609,0.8152518703236279
