params,mse,mae,mape
"{'units': 100, 'batch_size': 10, 'epochs': 100}",59.66843304775939,5.546067703781335,0.4136959889162643
"{'units': 100, 'batch_size': 16, 'epochs': 100}",60.155700684969204,5.375269399377994,0.3192427726448673
"{'units': 100, 'batch_size': 20, 'epochs': 100}",58.934944561812976,5.427881740309131,0.3607356407561484
"{'units': 500, 'batch_size': 10, 'epochs': 100}",59.0836856910674,5.375281102955462,0.34086527471919015
"{'units': 500, 'batch_size': 16, 'epochs': 100}",60.56238423017284,5.4895219492843905,0.34899977833785195
"{'units': 500, 'batch_size': 20, 'epochs': 100}",62.84850164669419,5.878474458292749,0.44810268751658033
"{'units': 1000, 'batch_size': 10, 'epochs': 100}",58.54186925896342,5.599830178934401,0.42834184966820904
"{'units': 1000, 'batch_size': 16, 'epochs': 100}",61.0482096750911,5.531123643087842,0.38442341690832427
"{'units': 1000, 'batch_size': 20, 'epochs': 100}",59.298320843031384,5.75693003510502,0.4892240178158804
