params,mse,mae,mape
"{'units': 100, 'batch_size': 10, 'epochs': 100}",101.364875018951,7.330631277854095,0.30290958534948453
"{'units': 100, 'batch_size': 16, 'epochs': 100}",103.63715954697813,7.420159478573302,0.30726650879597994
"{'units': 100, 'batch_size': 20, 'epochs': 100}",98.76652409687303,7.325312732462126,0.31477178566006886
"{'units': 500, 'batch_size': 10, 'epochs': 100}",106.72914762357938,7.580011025158496,0.3330131496875199
"{'units': 500, 'batch_size': 16, 'epochs': 100}",105.97815191306516,7.332660848654702,0.27634034465148344
"{'units': 500, 'batch_size': 20, 'epochs': 100}",98.95972931406173,7.485970136834409,0.3501608376444363
"{'units': 1000, 'batch_size': 10, 'epochs': 100}",98.54847552874763,7.4815886861709116,0.35115111336058114
"{'units': 1000, 'batch_size': 16, 'epochs': 100}",101.24461414924782,7.550329549947856,0.35365735515394553
"{'units': 1000, 'batch_size': 20, 'epochs': 100}",99.39810476793622,7.29400221906362,0.30767390240054954
