Metric,Train,Test
MSE,60.42678002185035,68.42501841770456
MAPE,0.3504701872662851,0.39132991472264156
MAE,5.641211023595217,5.928223183735841
R2,0.8392091803646035,0.8213795311610088
