params,mse,mae,mape
"{'units': 100, 'batch_size': 10, 'epochs': 100}",71.89126033507699,6.166177144050249,0.43620244515188195
"{'units': 100, 'batch_size': 16, 'epochs': 100}",69.05525306847899,5.928259008637852,0.3747200639959426
"{'units': 100, 'batch_size': 20, 'epochs': 100}",68.4801524759531,5.920364664901719,0.38684208118561036
"{'units': 500, 'batch_size': 10, 'epochs': 100}",69.72602996133135,6.071221851623504,0.4310083470639697
"{'units': 500, 'batch_size': 16, 'epochs': 100}",69.80508586926899,6.006755939473362,0.40805118152820363
"{'units': 500, 'batch_size': 20, 'epochs': 100}",69.3267747448926,6.0109202657483305,0.40202080160419895
"{'units': 1000, 'batch_size': 10, 'epochs': 100}",72.74229906161275,6.271192691778851,0.47149827032067465
"{'units': 1000, 'batch_size': 16, 'epochs': 100}",69.9632621575066,6.251397010310296,0.5069449661573937
"{'units': 1000, 'batch_size': 20, 'epochs': 100}",69.84372830673757,5.916642645776447,0.3882487960214315
