Metric,Train,Test
MSE,79.91613901134006,100.33188911971948
MAPE,0.36217988990349176,0.29171921322314787
MAE,6.538414100308976,7.268030490584011
R2,0.8017579978507459,0.8212203692474853
