Metric,Train,Test
MSE,47.532548207360136,58.54186925896342
MAPE,0.5985936164908067,0.42834184966820904
MAE,5.099472220035249,5.599830178934401
R2,0.8357996985107755,0.8091175643291774
