Forecaster,Importance
yhat_tbats,0.3020108543968714
yhat_prophet,0.22860179552124782
yhat_lstm,0.18862129561144975
hour,0.09603406391872692
error_yhat_tbats,0.05565464460016687
error_yhat_prophet,0.0499485730459927
error_yhat_lstm,0.04053783280544851
rank_prophet,0.016408024441507924
rank_lstm,0.012223490052909552
rank_tbats,0.00995942560567857
