Metric,Train,Test
MSE,30.663732281039373,51.00884792046379
MAPE,0.8954271215722152,0.844115818175447
MAE,3.7975962432473547,4.8808549714990415
R2,0.8380915836157308,0.7562168978618056
