Metric,Train,Test
MSE,35.08460983328731,55.60615938485486
MAPE,0.4441214627414187,0.6130460158014235
MAE,4.069027179353691,5.157906129519988
R2,0.8542371692868669,0.8031571706725831
