Metric,Train,Test
MSE,28.028197711667595,74.11299538972283
MAPE,0.301066741707018,0.43964886080523374
MAE,3.6648722284424053,6.0809432282623055
R2,0.9129440066054548,0.8119270317758338
