Metric,Train,Test
MSE,35.72275614315184,58.40061252834682
MAPE,0.6898394741558345,1.242460375699764
MAE,4.117545950250239,5.533094280054215
R2,0.8345360038277099,0.6186976506472076
