Metric,Train,Test
MSE,55.23499300012265,91.18495645923059
MAPE,0.8888805177748873,1.453308889850304
MAE,5.207292946509546,6.819615045424692
R2,0.7434085733913086,0.4683478391166922
