Metric,Train,Test
MSE,61.954945359258645,66.04647199732955
MAPE,0.641838458144001,0.62489690007635
MAE,5.399862018705398,5.342011865339977
R2,0.7410001819210146,0.7661697807541132
