Metric,Train,Test
MSE,47.030353340878165,385.57922911451476
MAPE,0.448422871672904,1.5332717861007295
MAE,4.738698136919565,8.693807416415982
R2,0.8332679176887957,0.08549838758839923
