Metric,Train,Test
MSE,47.63716378001018,110.25720457933
MAPE,0.6922846977122138,0.9540692640955447
MAE,4.36925005720047,7.034785038771702
R2,0.8175226768655703,0.6266819534401741
