Metric,Train,Test
MSE,51.792087926171206,85.99872552040192
MAPE,69556058592226.39,1.305432717181726
MAE,5.058171536162534,7.056175714638743
R2,0.8579608382505537,0.7943776590097447
