Metric,Train,Test
MSE,62.420622289745666,144.23856294322462
MAPE,0.4043790816107632,0.8159989637963639
MAE,5.5141058671308425,8.594310874795719
R2,0.8537427876705657,0.7394438472626005
